Exercise,Equipment,Exercise Type,Movement Type,Compound/Isolation,Muscle Group,Major Muscle,Minor Muscle,Example,Notes,Modifications,Beginner,Intermediate,Advanced,SL,GVT,Warmup,Light,Heavy
Anti-Rotation Rainbow,Landmine,Weight,Pull,Compound,Core,Core,Oblique,06.gif (https://dl.airtable.com/Q5yXXob9QM6feizhmuqD_06.gif),Keep your core tight and shoulders far from your ears.,Easier: No Weight on the Bar,0,0,1,0,0,1,1,0
Arnold Press,Dumbbells,Weight,Push,Compound,Shoulders,"Front Delt,Mid Delt","Biceps,Rear Delt",giphy-2.gif (https://dl.airtable.com/FvaObZ1SyqwBU12Wx4K7_giphy-2.gif),,,0,1,1,0,0,0,1,0
Battle Rope Wave,Rope,Plyo,Cardio,Compound,Full Body,Full Body,Arms,giphy.gif (https://dl.airtable.com/fKSySDj7QAmjcosc221r_giphy.gif),,,0,1,1,0,0,1,1,0
Bench Press,"Barbell,Dumbbells",Weight,Push,Compound,Chest,Pecs,Triceps,bench-press-gif-2.gif (https://dl.airtable.com/RsRbffLcQa5o0QcvDEag_bench-press-gif-2.gif),"Pinch Shoulders, arch back and drive feet into the group","Incline, Decline",1,1,1,1,1,0,1,1
Bicep Curl,"Barbell,Dumbbells,Cables,Machine",Weight,Pull,Isolation,Arms,Bicep,,3e8b7121-738e-4457-b6d8-fd3a3e04de5a.gif (https://dl.airtable.com/Pld28NJDTyeYLcaJV7hQ_3e8b7121-738e-4457-b6d8-fd3a3e04de5a.gif),Don't use momentum. Make sure the movement is coming from the bottom half of your arm not your shoulder moving the weight.,,1,1,1,0,1,0,1,1
Bicycle Crunch,Body Weight,Calisthenics,Cardio,Isolation,Core,Core,,200.gif (https://dl.airtable.com/Y0JUbM2YTfe8uRz0jb5w_200.gif),"The lower the ""straight"" leg is to the ground the more challenging this exercise is.","Easier: Move Slower, Legs higher in the air, Harder: Keep shoulder blades off the ground entire time""",1,1,1,0,0,1,1,0
Bounds,Body Weight,Plyo,Push,Isolation,Legs,Glutes,Outer Thigh,1ea07303-2e87-4876-8e68-8944edd42173.gif (https://dl.airtable.com/EkEnZqmyR9aAqElh54PL_1ea07303-2e87-4876-8e68-8944edd42173.gif),Do laps across the room of these.,Easier: Don't jump as high/far,1,1,1,0,0,1,1,0
Box Jumps,Box,Plyo,Push,Compound,Legs,"Quads,Glutes,Calves",Core,giphy.gif (https://dl.airtable.com/ZA0AU7h5RGyzcOQ1km9Z_giphy.gif),"Don't be afraid, you can jump higher than you think. Just try it once.","Easier: Lower the height of the box and work up, Harder: Touch the ground with your opposite hand after each jump"", Harder: Jump Faster and higher boxes""",1,1,1,0,0,0,1,0
Box Toe Touch,"Box,Platform",Cardio,Cardio,Compound,Cardio,Cardio,Legs,workoutanniversarygif9570.gif (https://dl.airtable.com/ypibIv5pTmgfMNAJgY6J_workoutanniversarygif9570.gif),,"Easier: Don't use a box, just practice toe touch without",1,1,1,0,0,1,1,0
Broad Jump,Body Weight,Plyo,Push,Compound,Cardio,Cardio,Legs,Broad-Jumps-180-Degree-Twist.gif (https://dl.airtable.com/bYHQDYRDSeyzMCrhFxoT_Broad-Jumps-180-Degree-Twist.gif),"You can do these for speed, or for distance. Speed = Cardio, Distance/Height = Plyo","Harder: Increase Speed""",1,1,1,0,0,1,1,0
Bulgarian Split Squat,"Barbell,Dumbbells",Weight,Push,Compound,Legs,Quads,"Calves,Glutes",erin_stern_demonstrates_bulgarian_split_squat.gif (https://dl.airtable.com/599OAXT5SmTKCEZDTkWA_erin_stern_demonstrates_bulgarian_split_squat.gif),Use Single 30LB Dumbbell or an Olympic Bar,,0,0,1,0,1,0,1,1
Burpee,Body Weight,Plyo,Cardio,Compound,Cardio,Full Body,,Burpee.gif (https://dl.airtable.com/xDZ3bhDQqG3erLNNwgyF_Burpee.gif),"Option with half Bosu, Pushup Optional. Make sure you don't round your back","Easier: Don't Jump after, and break down motion squat, step legs back and no pushup, Harder: Speed, Harder still: add broad jump",1,1,1,0,0,1,1,0
Butt Kickers,Body Weight,Cardio,Cardio,Compound,Cardio,Cardio,Legs,1ef0b377-0b2e-47a0-9f1f-1e8ab3669923.gif (https://dl.airtable.com/pUgsc0ifRCKNfXOcvkSX_1ef0b377-0b2e-47a0-9f1f-1e8ab3669923.gif),"Do it like you mean it, or this exercise is a waste of time. ","Harder: Hold weights, move faster",1,1,1,0,0,1,1,0
Cable Woodchop,Cables,Weight,Pull,Isolation,Core,Core,,horizontalwoodchop.jpg (https://dl.airtable.com/hYoL9pXYRFas3KrUmyCZ_horizontalwoodchop.jpg),The movement should originate from your core not your shoulders. The arms are just the vessel,,0,1,1,0,1,1,1,1
Calf Raise,"Dumbbells,Machine,Barbell,Platform",Weight,Push,Isolation,Legs,Calves,,Calf-Raises-Basic.jpg (https://dl.airtable.com/SQxbpgUWQSGxagLa6JaD_Calf-Raises-Basic.jpg),"Play around with foot placement, some gyms also have machines for this",,1,1,1,0,1,0,1,1
Chest Press,Machine,Weight,Push,Isolation,Chest,Pecs,Triceps,Dumbbell-Floor-Press.gif (https://dl.airtable.com/kyVvuwERkueuJQpV5fcT_Dumbbell-Floor-Press.gif),"You can do this lying on the ground, or on a bench top",,1,1,1,0,1,1,1,1
Compass Jump,Body Weight,Cardio,Cardio,Compound,Cardio,Full Body,,3b38ff89-fc79-409e-b45e-ae6a47d1ca17.gif (https://dl.airtable.com/DVWMKACWQ2S1D1AIo75L_3b38ff89-fc79-409e-b45e-ae6a47d1ca17.gif),These can also be done with both feet on the ground.,"Easier: Both feet on the ground, or stepping instead of jumping",1,1,1,0,0,1,1,0
Crab Crawl,Body Weight,Calisthenics,Cardio,Compound,Full Body,Full Body,,0d08fe37-5714-486b-a786-fea0f0cfbea7.gif (https://dl.airtable.com/ATjCdKZ9QialuVzd072J_0d08fe37-5714-486b-a786-fea0f0cfbea7.gif),,,1,1,1,0,0,1,1,0
Curtsey Lunges,"Dumbbells,Barbell",Weight,Push,Compound,Legs,Quads,"Inner Thigh,Calves",curtsy_lunge_barbell.gif (https://dl.airtable.com/qInmxz6RmTISdbvfQxUQ_curtsy_lunge_barbell.gif),,,0,0,1,0,0,1,1,1
Deadbug,Body Weight,Calisthenics,Pull,Compound,Core,Core,,exAX6p.gif (https://dl.airtable.com/Vwxt6KjRW62PrDrpTDSx_exAX6p.gif),Really good if you have lower back pain and want to do an ab workout,,1,1,1,0,0,1,1,0
Deadlift,"Barbell,Dumbbells",Weight,Pull,Compound,"Full Body,Back,Legs","Mid Back,Lower Back,Hamstrings","Forearms,Traps,Lats",deadlift-gif-side.gif (https://dl.airtable.com/AVIUvzsDQIKF2Ab9zoWQ_deadlift-gif-side.gif),Form is absolutely VITAL,Dumbbells & Single Leg Variations available,1,1,1,1,1,1,1,1
Deficit Squat,"Platform,Dumbbells,Kettlebells",Weight,Push,Compound,Legs,Quads,Glutes,dumbell-squat-from-deficit-front-view.png (https://dl.airtable.com/Je3QynAQXy8fNetseCA8_dumbell-squat-from-deficit-front-view.png),,,0,1,1,1,1,1,1,1
Donkey Kick,"Dumbbells,Band,Body Weight,Smith Machine,Cabless",Weight,Push,Isolation,Legs,Glutes,,"_KneelingGluteKickBackSelf2_1_10.gif (https://dl.airtable.com/I8w2TckURdenkD5E9hXl__KneelingGluteKickBackSelf2_1_10.gif),kickbacks_donkey_kicks_on_the_smith_machine_ifbb_bikini_pro_training_glutes.gif (https://dl.airtable.com/Od3Fpm51SjuPFoNp6QNh_kickbacks_donkey_kicks_on_the_smith_machine_ifbb_bikini_pro_training_glutes.gif)",,"Easier: Don't use weights, Harder: Use heavy weights""",0,1,1,0,1,0,1,1
Fire Hydrant,"Band,Body Weight",Calisthenics,Push,Isolation,Legs,Glutes,Outer Thigh,Jen-Selters-Fire-Hydrant.gif (https://dl.airtable.com/MEMCDbjRam2VygRIDV5S_Jen-Selters-Fire-Hydrant.gif),,Harder: Place a weight behind your kneecap,1,1,1,0,0,1,1,0
Flutter Kick,Body Weight,Calisthenics,Cardio,Isolation,Core,Core,,Flutter-Kicks.gif (https://dl.airtable.com/rsRW7e2JQMSscISPxOwm_Flutter-Kicks.gif),Her neck looks like its undergoing some serious strain. Feel free to leave yours on the ground.,,1,1,1,0,0,0,1,0
Frogger,Body Weight,Plyo,Cardio,Compound,Full Body,Full Body,,831b594cc2767b2f_Frogger.gif (https://dl.airtable.com/LqlhafK8SdbDLhssMfVG_831b594cc2767b2f_Frogger.gif),,"Easier: Step Back instead of jumping back, Harder: Burpee",1,1,1,0,0,1,1,0
Front-Load Squat,Barbell,Weight,Push,Compound,Legs,Quads,"Glutes,Core",front.gif (https://dl.airtable.com/u2Z55mWSQ1eZWji9mbPI_front.gif),Bar + 35LB,,0,1,1,1,1,0,1,1
Glute Bridge,"Bodyweight,Barbell,Plate",Weight,Push,Isolation,Legs,Glutes,,a562d6f5-888c-4b4a-a274-f969c3a8557d.gif (https://dl.airtable.com/KNCrgmAZTKyppbcj7oTC_a562d6f5-888c-4b4a-a274-f969c3a8557d.gif),"If using weights, place in hip crease",,0,1,1,0,1,0,1,1
Glute Bridge March,"Band,Platform,Body Weight",Calisthenics,Pull,Isolation,Legs,Glutes,Hamstrings,7346ca6c-b218-4a33-8fc7-f522df243390.gif (https://dl.airtable.com/CEVQMLbKSouX9GjRVXpR_7346ca6c-b218-4a33-8fc7-f522df243390.gif),,,0,1,1,0,0,0,1,0
Glute Kickback,Cables,Weight,Pull,Isolation,Legs,Glutes,Quads,400x400_Wall_Pushup_Variations_One_Legged_Kickback_On_Cable_Machine.gif (https://dl.airtable.com/p6vuYylWQJlwVCoDcHNM_400x400_Wall_Pushup_Variations_One_Legged_Kickback_On_Cable_Machine.gif),,,0,1,1,0,1,1,1,1
Goblet Squat,"Kettlebells,Dumbbells",Weight,Push,Compound,Legs,"Quads,Glutes",Core,depositphotos_127641230-stock-photo-kettlebell-goblet-squat.jpg (https://dl.airtable.com/GhZXa41TlGnE4DjPPmWA_depositphotos_127641230-stock-photo-kettlebell-goblet-squat.jpg),,,1,1,1,1,1,1,1,1
Halo,"Kettlebells,Dumbbells",Weight,Cardio,Compound,Shoulders,"Front Delt,Mid Delt,Rear Delt","Triceps,Biceps",ebe25b12-cc24-4b29-8d98-9566007ac4a8.gif (https://dl.airtable.com/XfsU9SRQoqRDq99IUeA2_ebe25b12-cc24-4b29-8d98-9566007ac4a8.gif),,,1,1,1,0,0,1,1,0
Hamstring Curl,"Bosu Ball,Machine",Weight,Pull,Isolation,Legs,Hamstrings,,bb_stability-ball_hamstring-roll-out.gif (https://dl.airtable.com/8VWf6OoQbSUCFOHhN9Ne_bb_stability-ball_hamstring-roll-out.gif),,,1,1,1,0,1,1,1,1
Heart Pump,"Kettlebells,Dumbbells",Weight,Push,Compound,Full Body,Full Body,,eac68ec3-15dc-4a6a-806f-aa7572f394b0.gif (https://dl.airtable.com/rTMlSufGTWmbykC4De4Y_eac68ec3-15dc-4a6a-806f-aa7572f394b0.gif),,,1,1,1,0,0,1,1,1
High Knees,Body Weight,Cardio,Cardio,Compound,Full Body,Full Body,,highkneerun-1457044203.gif (https://dl.airtable.com/J9KgeDiSS6CcpoXXCu6v_highkneerun-1457044203.gif),"My coach always says, your high knees tells a lot about your dedication. Do yours like the guy in the gif. Get your knees up or don't bother!",Easier: Running on the spot,1,1,1,0,0,1,1,0
Leg Press,Machine,Weight,Push,Compound,Legs,"Quads,Glutes",Calves,tenor-2.gif (https://dl.airtable.com/Q8LJ1lfRTe828dSaKqaq_tenor-2.gif),,,1,1,1,1,1,1,1,1
Jacknife,Bosu Ball,Weight,Pull,Isolation,Core,Core,,Jacknife.gif (https://dl.airtable.com/rxwquqYqSvyYWckjCCI6_Jacknife.gif),,,1,1,1,0,0,1,1,0
Jump Lunges,Body Weight,Plyo,Cardio,Compound,Cardio,Cardio,"Quads,Glutes",6405bfbb-585f-45e8-8834-0c5145f546f6.gif (https://dl.airtable.com/Ba9XRSpLRIK2a7mnAcxp_6405bfbb-585f-45e8-8834-0c5145f546f6.gif),,"Easier: Split Jump, so don't go all the way down into a lunge. Or alternate between regular lunges and lunge jumps",1,1,1,0,0,1,1,0
Jump Rope,Jump Rope,Cardio,Cardio,Compound,Cardio,Full Body,,Sprint-2.gif (https://dl.airtable.com/vMYowb6TRJ6PeXp23MvX_Sprint-2.gif),,Harder: Single Leg,1,1,1,0,0,1,1,0
Jumping Jack Push Press,Medicine Ball,Plyo,Cardio,Compound,Cardio,Full Body,,workoutanniversarygif05570.gif (https://dl.airtable.com/oZVQcwVARtqxWSC7tyFu_workoutanniversarygif05570.gif),,,1,1,1,0,0,1,1,0
Jumping Jacks,Body Weight,Cardio,Cardio,Compound,Cardio,Full Body,,jumping-jacks-gif-11.gif (https://dl.airtable.com/4EdvWh9Tre1EKZ9BH9LA_jumping-jacks-gif-11.gif),"Go faster than the gif lady. I chose her because she has good form, your hand should always touch at the top",Easier: Step out instead of jump,1,1,1,0,0,1,1,0
Kettlebell Swing,"Kettlebells,Dumbbells",Weight,Pull,Compound,Full Body,Full Body,Cardio,778789f4361994739ce59b8e597d00e7.gif (https://dl.airtable.com/sc9eLj4NTPSdXpxAlVxv_778789f4361994739ce59b8e597d00e7.gif),"When I do these I usually keep my hand close to my body and let my hips ""push"" the movement. If you'd like to experiment, you can use a dumbbell instead",,1,1,1,0,0,1,1,1
Knee Drive,Body Weight,Plyo,Cardio,Compound,Full Body,Full Body,,skipsgifsmall.gif (https://dl.airtable.com/zk1x1ZczQLaNOaduvTiF_skipsgifsmall.gif),,"Harder: Single-leg jump in the air after the knee drive, hold weights",1,1,1,0,0,1,1,0
L-Sit,Bodyweight,Calisthenics,Hold,Compound,Core,Core,"Arms,Mid Delt",68ddb0d2-add5-4124-ac47-7687817d377a.jpg (https://dl.airtable.com/g4PyzXffRNqwPdXd4R0j_68ddb0d2-add5-4124-ac47-7687817d377a.jpg),,,0,0,1,0,0,0,0,1
Lat Pulldown,Machine,Weight,Pull,Isolation,Back,Lats,"Biceps,Rear Delt",Traditional-Lat-Pulldown-Machine.gif (https://dl.airtable.com/74qcd40vRSISRQxVJ9AA_Traditional-Lat-Pulldown-Machine.gif),,,1,1,1,0,1,1,1,1
Lateral Band Walk,Band,Cardio,Cardio,Compound,Cardio,Outer Thigh,,_CrabWalkSelf2_1_2.gif (https://dl.airtable.com/CF41gTm6RqG9eXo4ZZn1__CrabWalkSelf2_1_2.gif),,,1,1,1,0,0,1,1,0
Leg Pull Apart,Band,Weight,Pull,Isolation,Legs,Outer Thigh,Lower Back,f240c036-c8d8-4d59-8a2b-941a438ea462.gif (https://dl.airtable.com/5BX9RPuRQsanTolgDYcg_f240c036-c8d8-4d59-8a2b-941a438ea462.gif),,,0,0,0,0,0,0,0,0
Leg Raise,Body Weight,Weight,Pull,Isolation,Core,Core,,legraise.jpg (https://dl.airtable.com/dXQ5blUQzqkbvODop0DP_legraise.jpg),Hold onto something heavy,Can be done hanging and weighted,1,1,1,0,0,0,1,1
Military Plank,Body Weight,Calisthenics,Hold,Compound,Core,Core,Shoulders,Military-Plank-Vicky.gif (https://dl.airtable.com/jKY8uPBNQCmUoiT9oehg_Military-Plank-Vicky.gif),,Easier: Do this from your knees,1,1,1,0,0,1,1,0
Monkey Jump,Body Weight,"Plyo,Cardio",Cardio,Compound,Cardio,Full Body,,d6367f97-0584-4895-b292-d7aeae1b3ad6.gif (https://dl.airtable.com/niCgrY1wSI2BNzhk9Yuc_d6367f97-0584-4895-b292-d7aeae1b3ad6.gif),,"Harder: Do a ""literally just jumping"" between your monkey jumps",1,1,1,0,0,1,1,0
Mountain Climbers,"Body Weight,Bosu Ball",Cardio,Cardio,Compound,Cardio,Full Body,Core,"mountain-climbers-gif-3.gif (https://dl.airtable.com/irHgy8wcTOaOoGUxhSxa_mountain-climbers-gif-3.gif),BOSU_Mountain_Climbers.gif (https://dl.airtable.com/7XTSRHViSDKTEcW1WqLg_BOSU_Mountain_Climbers.gif)",,"Easier: Step in, instead of running your knees",1,1,1,0,0,1,1,0
One-Arm Press,Landmine,Weight,Push,Compound,Shoulders,"Mid Delt,Front Delt","Tricep,Rear Delt",hammer-jammer.jpg (https://dl.airtable.com/T9fJeSGpT02IaFMck3iL_hammer-jammer.jpg),,,0,1,1,1,1,0,1,1
Pike to Superman,Bosu Ball,Calisthenics,Pull,Compound,Core,Core,,30-best-ab-workouts-pike-to-superman.jpg (https://dl.airtable.com/RqwAmFt5SaPkV2RGNC78_30-best-ab-workouts-pike-to-superman.jpg),,,0,1,1,0,0,1,1,0
Plank,Body Weight,Calisthenics,Hold,Compound,Core,Core,Full Body,plank.jpg (https://dl.airtable.com/oAufzPV5TLaAWqvawz9T_plank.jpg),,Easier: Go from your knees,1,1,1,0,0,1,1,0
Plank Jack,"Band,Body Weight",Cardio,Cardio,Compound,Core,Core,Full Body,3705bd36-6b31-42df-9dd1-8d4984b797dc.gif (https://dl.airtable.com/gQzMkwbOSdab50QPoMEB_3705bd36-6b31-42df-9dd1-8d4984b797dc.gif),,"Easier: Step out, instead of jumping your knees",0,1,1,0,0,1,1,0
Power Clean,Barbell,Weight,Pull,Compound,Full Body,Mid Back,"Rear Delt,Hamstrings",659aab99-a93e-45ed-8927-cff5d55e40c2.gif (https://dl.airtable.com/1XVoJJ1DTLiGDXYYYioW_659aab99-a93e-45ed-8927-cff5d55e40c2.gif),,,0,0,1,1,1,0,1,1
Pushup,Body Weight,Calisthenics,Push,Compound,Chest,Pecs,Tricep,GlossySkinnyDuckbillcat-max-1mb.gif (https://dl.airtable.com/yyFWkXdGT2i7TMjYZGpL_GlossySkinnyDuckbillcat-max-1mb.gif),"Can be done from knees, or legs. Arms parallel to your body like the dude in the gif.","Easier: Go from your knees, or standing against the wall",1,1,1,0,0,1,1,1
Pushup Walk,Band,Calisthenics,Push,Compound,Chest,Pecs,Tricep,094028d3-bc38-481b-85c1-5c8dad17f12b.gif (https://dl.airtable.com/qK68xf5EQhiJvcxDH3Pd_094028d3-bc38-481b-85c1-5c8dad17f12b.gif),,,0,1,1,0,0,1,1,0
Reverse Crunches,Body Weight,Calisthenics,Pull,Isolation,Core,Core,,reverse.gif (https://dl.airtable.com/VaOguQgQI6w8qryauNZQ_reverse.gif),,,1,1,1,0,0,0,1,0
Bent Over Row,"Barbell,Dumbbells,Landmine",Weight,Pull,Compound,Back,"Upper Back,Mid Back","Lower Back,Biceps",78eb6279-95b9-4269-a337-c2c0ca3b78d3.gif (https://dl.airtable.com/kVcbXQy9QdGOrjdFdzoO_78eb6279-95b9-4269-a337-c2c0ca3b78d3.gif),Bar + 15LB,,1,1,1,1,1,0,1,1
Russian Twist,"Kettlebells,Dumbbells,Plates",Calisthenics,Pull,Compound,Core,Core,,26c0501d-0254-4bc7-9b79-47b004393d4d.gif (https://dl.airtable.com/dYG39TGTPavUaPz63Jsy_26c0501d-0254-4bc7-9b79-47b004393d4d.gif),,,0,1,1,0,0,1,1,1
Seated Rope Pull,Machine,Cardio,Pull,Compound,Full Body,Full Body,Cardio,v-ropeflex.gif (https://dl.airtable.com/DtEGIKBaRmK5pvUoC217_v-ropeflex.gif),,,1,1,1,0,0,1,1,1
Shoulder/Military/Overhead Press,"Barbell,Dumbbells",Weight,Push,Compound,Shoulders,"Mid Delt,Front Delt",Rear Delt,03478637-60f5-49f1-95b3-593fead73610.gif (https://dl.airtable.com/lk4lhOS9RdqnKm5Pj7aw_03478637-60f5-49f1-95b3-593fead73610.gif),Bar + 5LB,,1,1,1,1,1,1,1,1
Side Arm / Lateral Raise,Dumbbells,Weight,Pull,Isolation,Shoulders,Mid Delt,"Front Delt,Rear Delt",12abf096-2edb-4062-8468-17e2951c14fe.gif (https://dl.airtable.com/NUbYbi5uRb6GeH0ZlcXi_12abf096-2edb-4062-8468-17e2951c14fe.gif),,,1,1,1,0,1,1,1,1
Side Lunge,"Body Weight,Barbell","Weight,Calisthenics",Push,Compound,Legs,"Quads,Glutes",Outer Thigh,lungeside.gif (https://dl.airtable.com/OL3jchvCRQSLsnYmhI55_lungeside.gif),,Easier: no weights,0,1,1,1,1,1,1,0
Side Plank,Body Weight,Calisthenics,Hold,Compound,Core,Core,Oblique,_main2_sideplank.jpg (https://dl.airtable.com/keRG2g3RECoT3LxhDGtQ__main2_sideplank.jpg),,Easier: do the movement from your knees,1,1,1,0,0,1,1,0
Side Plank with Leg Lift,"Band,Body Weight",Calisthenics,Hold,Compound,Core,Core,Oblique,75dcba8e-f0af-48c0-a6e8-c477b738911e.gif (https://dl.airtable.com/llvinxQRxCzG0K0YihOQ_75dcba8e-f0af-48c0-a6e8-c477b738911e.gif),,Easier: do the movement from your knees,0,1,1,0,0,1,1,0
Single Arm/Barbell Clean and Press ,"Kettlebells,Dumbbells,Barbell",Weight,"Push,Pull",Compound,Full Body,"Front Delt,Mid Delt,Mid Back,Hamstrings","Triceps,Core",KettleBellCleanPress.gif (https://dl.airtable.com/M3Q7JQh4SEC22nZq5ru0_KettleBellCleanPress.gif),Currently using 25LB,,0,0,1,1,1,1,1,1
Single Leg Hip Bridge,"Body Weight,Dumbbells,Bosu Ball",Weight,Push,Isolation,Legs,Glutes,Hamstrings,Hip-Thrust.gif (https://dl.airtable.com/nNGVnc7SFewVtiVcQb3U_Hip-Thrust.gif),You're wasting your time on this if you're not actually thinking about squeezing your glutes with each movement. You really need to be focused to do this.,Easier: remove the ball and do this movement from the floor.,0,1,1,0,0,0,1,0
Single Leg Squat,Body Weight,Calisthenics,Push,Compound,Legs,"Quads,Glutes,Calves",,c7c4a48e-8a32-4f5e-aacf-bf152712e71a.gif (https://dl.airtable.com/PtJIrGJjSkqqfObx7q8c_c7c4a48e-8a32-4f5e-aacf-bf152712e71a.gif),,,0,0,1,1,1,0,1,1
Situp and Throw,Medicine Ball,Calisthenics,"Push,Pull",Compound,Full Body,Full Body,,30-best-ab-exercises-situp-and-throw.jpg (https://dl.airtable.com/NDsSU55jRXSUAdKHEZA3_30-best-ab-exercises-situp-and-throw.jpg),,,0,1,1,0,0,1,1,1
Skaters,Body Weight,Cardio,Cardio,Compound,Cardio,Cardio,Outer Thigh,cca03f06-da6a-4d09-9718-b6e595fb2b96.gif (https://dl.airtable.com/Q5dmhk82TzqmlWq6xqJg_cca03f06-da6a-4d09-9718-b6e595fb2b96.gif),Lady in the gif isn't giving it 100% make sure to touch the ground between reps,Easier: remove the jump,1,1,1,0,0,1,1,0
Skull Crusher,"Dumbbells,EZ Bar",Weight,Pull,Isolation,Arms,Triceps,,14.gif (https://dl.airtable.com/h9v6LLAERqunzBJAdjeD_14.gif),,,0,1,1,0,0,0,1,1
Spiderman Pushup,Body Weight,Calisthenics,Push,Compound,Chest,Pecs,"Triceps,Oblique",0dd5e852-dd90-4f1e-a570-c20dca7c72cf.gif (https://dl.airtable.com/OK93O1xWRA2yu3GG8zoF_0dd5e852-dd90-4f1e-a570-c20dca7c72cf.gif),,"Easier: do a pushup from your knees, and then the spiderman movement",0,1,1,0,0,1,1,0
Squat,"Barbell,Dumbbells,Body Weight",Weight,Push,Compound,Legs,"Quads,Glutes","Calves,Core,Lower Back",barbell-squat.gif (https://dl.airtable.com/r3DIlCSPTsimSjgCPuHS_barbell-squat.gif),Bar + 45LB,Easier: air squat,1,1,1,1,1,1,1,1
Squat Jump,Body Weight,"Plyo,Cardio",Push,Compound,Legs,"Quads,Glutes,Calves",Cardio,5a1e902f-42e7-4b38-b3c5-af3cb2cbbf0c.gif (https://dl.airtable.com/gpp3YS4jTyijTClCALdq_5a1e902f-42e7-4b38-b3c5-af3cb2cbbf0c.gif),You can do these for height (plyo) or speed (cardio) and to switch them up sometimes do them with your arms clasped at the front so it's a leg-only exercise,"Easier: Just do an air squat, or alternate squat and squat jump",1,1,1,0,0,1,1,0
Squat to Lateral Leg Lift,Band,Calisthenics,Push,Compound,Legs,"Quads,Glutes,Calves","Inner Thigh,Outer Thigh",_SquatLateralLegLiftSelf2_1_3.gif (https://dl.airtable.com/ZuOXOtbTRcuVbC9uQPuY__SquatLateralLegLiftSelf2_1_3.gif),,,0,1,1,0,0,1,1,0
Stair Climber,Machine,Cardio,Cardio,Compound,Legs,"Quads,Glutes,Calves,Cardio",,JL-STAIRWAY-2.jpg (https://dl.airtable.com/Nm3wY1S6T26y1Y8gvjMF_JL-STAIRWAY-2.jpg),"Whatever you do, don't slouch or rest your bodyweight on the handlebars while you do this. That's just lazy. Maintain good posture. Hold weight while doing for extra challenge",,1,1,1,0,0,1,1,0
Standing Glute Kickbaks,Band,Plyo,Pull,Isolation,Legs,Glutes,,_StandingGluteKickBackSelf2_1_4.gif (https://dl.airtable.com/uF03I0P8SQW3vLXFUfRN__StandingGluteKickBackSelf2_1_4.gif),,Easier: do this without the band. Use an,1,1,1,0,0,0,1,0
Standing Leg Lift,"Cables,Band",Plyo,Pull,Isolation,Legs,"Inner Thigh,Outer Thigh,Glutes",,"standing abduction.jpg (https://dl.airtable.com/5som2SlmRjmkjITXHWtQ_standing%20abduction.jpg),Athletic-woman-doing-side-kick-resistance-band-exercise-1024x954.jpg (https://dl.airtable.com/a1WhvoWCTpB8KuxQc1Up_Athletic-woman-doing-side-kick-resistance-band-exercise-1024x954.jpg)",,,0,1,1,0,0,0,1,0
Standing Oblique Crunch,Dumbbells,Weight,Pull,Isolation,Core,Oblique,Core,Standing-Oblique-Crunches.gif (https://dl.airtable.com/38n4dcbTgCM2tjvxWKUb_Standing-Oblique-Crunches.gif),20LB Weight Minimum,,1,1,1,0,0,1,1,0
Star Jump,Body Weight,Plyo,Cardio,Compound,Full Body,Full Body,,workoutanniversarygif06570.gif (https://dl.airtable.com/ISLRenRs2FWV3QFratPw_workoutanniversarygif06570.gif),,,1,1,1,0,0,1,1,0
Step Up Lunges,"Platform,Dumbbells",Plyo,Cardio,Compound,Legs,"Quads,Glutes,Calves",,dumbbell-step-up.gif (https://dl.airtable.com/QBmW9FpxQn2FN7CQLFH7_dumbbell-step-up.gif),,Easier: Don't hold weights,1,1,1,0,1,1,1,1
Step-Back Lunge,"Barbell,Body Weight,Dumbbells",Weight,Push,Compound,Legs,"Quads,Glutes,Calves",Core,bikini_prep_full_glute_training_routine_quest_cake_recipe_training_vlog.gif (https://dl.airtable.com/A2uJ0HlJQWWebQFz0eul_bikini_prep_full_glute_training_routine_quest_cake_recipe_training_vlog.gif),,,0,0,1,1,1,1,1,1
Straightup Situp,Dumbbells,"Plyo,Weight",Pull,Compound,Full Body,"Full Body,Core",,30-best-ab-exercises-straight-leg-barbell-situp.jpg (https://dl.airtable.com/GPXUq5zcRoGqP9WbvJLa_30-best-ab-exercises-straight-leg-barbell-situp.jpg),,,0,0,1,0,0,1,1,1
Sumo Squat,"Barbell,Dumbbells,Body Weight",Weight,Push,Compound,Legs,"Quads,Glutes","Inner Thigh,Outer Thigh,Calves",a7a48b0ff2d2b6b10e086290b1fede92.gif (https://dl.airtable.com/OLsqAqSuS16qsySMCgAw_a7a48b0ff2d2b6b10e086290b1fede92.gif),Bar + 35LB. You want your legs to be just wide enough that your knees still track over your toes,,0,1,1,1,1,1,1,1
Superman,Body Weight,Calisthenics,Hold,Isolation,Core,Core,,13a573f1_Superman.jpg (https://dl.airtable.com/I7Gp5cmZTKejJcfh2oNA_13a573f1_Superman.jpg),,"Easier: alternate lifting. Lift your arms from the ground first, then your legs from the ground.",1,1,1,0,0,1,1,0
Thruster,Landmine,Weight,Push,Compound,Legs,"Quads,Glutes",Tricep,show_img_Landmine-thrusters-full-body-compound-exercise.jpg (https://dl.airtable.com/7BXbzivxTpS4Uuz7Zbnx_show_img_Landmine-thrusters-full-body-compound-exercise.jpg),,,0,1,1,1,1,1,1,1
Touchdown,Body Weight,Plyo,Push,Compound,Cardio,Cardio,Legs,WtFJBce.gif (https://dl.airtable.com/MTMz4OoeRFaccThM3XKx_WtFJBce.gif),,,1,1,1,0,0,1,1,0
Tricep Dip,"Body Weight,Bench,Dip Bars,Barbell & Rack,Weight Belt",Calisthenics,Push,Compound,Arms,Triceps,"Front Delt,Pecs",Tricep-Dip-on-Bench-g.gif (https://dl.airtable.com/gZTLGaYoTI6P0WwdO2u4_Tricep-Dip-on-Bench-g.gif),Find a chair or platform you can lean on.,"Easier: Legs bent closer to body, Harder: Legs straight farther from body""",1,1,1,0,1,1,1,1
Single Arm/ Double Arm Tricep Kick-Back,Dumbbells,Weight,Push,Isolation,Arms,Triceps,,Triceps-Kickback.jpg (https://dl.airtable.com/tjY0kN2QTBSIoZZCv10k_Triceps-Kickback.jpg),,,0,1,1,0,1,0,1,1
Tricep Overhead Press,Dumbbells,Weight,Push,Isolation,Arms,Triceps,,5.gif (https://dl.airtable.com/Pp7ftUMQe6qzCxJg7iXs_5.gif),,,1,1,1,0,1,0,1,1
Tricep Pull Down,Cables,Weight,Push,Isolation,Arms,Triceps,,how-to-do-teh-cable-pull-down.gif (https://dl.airtable.com/xyyxFbBRlyLaknw11OCz_how-to-do-teh-cable-pull-down.gif),Keep your knees slightly bent as you do this,,1,1,1,0,1,0,1,1
Rings/TRX Mountain Climber,Rings/TRX,Calisthenics,Cardio,Compound,Cardio,Core,"Tricep,Forearms,Quads,Hamstrings",TRX-mountain-climbers.gif (https://dl.airtable.com/JOfDEnjtTPuDxlUodlWI_TRX-mountain-climbers.gif),,,0,1,1,0,0,1,1,0
Rings/TRX Plank,Rings/TRX,Calisthenics,Hold,Compound,Core,Core,,72813ed1a4b64cbc2d206a512f0b93c2.jpeg (https://dl.airtable.com/bWQz7ZlCT7mF3UG399Ep_72813ed1a4b64cbc2d206a512f0b93c2.jpeg),,,0,1,1,0,0,1,1,0
(Rings/TRX) Row / Australian Pullup,"Rings/TRX,Barbell & Rack,Body Weight",Calisthenics,Pull,Compound,Back,"Mid Back,Lats",Lower Back,low-row-43122676__resized.jpg (https://dl.airtable.com/g9xk8vyUTeYddfeZxjJm_low-row-43122676__resized.jpg),,,1,1,1,0,1,1,1,0
Tuck Jump,Body Weight,Plyo,Cardio,Compound,Cardio,Full Body,"Quads,Glutes,Calves",Tuck-Jumps.gif (https://dl.airtable.com/Zo0O59geRTataUwhQo2r_Tuck-Jumps.gif),,,1,1,1,0,0,1,1,0
V-Pass,Bosu Ball,Weight,Hold,Isolation,Core,Core,,bb_stability-ball_v-up1.gif (https://dl.airtable.com/EQe3jRjvQ8icCiuXXsXG_bb_stability-ball_v-up1.gif),,,0,0,1,0,0,1,1,1
Wall Slam,Medicine Ball,Plyo,Push,Compound,Core,Core,Cardio,https://3vnqw32fta3x1ysij926ljs3-wpengine.netdna-ssl.com/wp-content/uploads/2016/11/RotationWallSlam.gif?1540502241467,,,1,1,1,0,1,1,1,1
Wall Ball,Medicine Ball,Plyo,Push,Compound,Full Body,Full Body,,WallBallToss.gif (https://dl.airtable.com/tOqEs71CReQ9XSK15MwN_WallBallToss.gif),"Toss the Medicine Ball in the air, or against a solid wall (concrete or brick) if available.","Easier: use a non-weighted football, basketball etc.",1,1,1,0,1,1,1,1
Weighted Machine Situp,"Machine,Plates,Bench",Calisthenics,Pull,Isolation,Core,Core,,b16a06f1-f9cd-4721-b760-292fb1a119d8.gif (https://dl.airtable.com/8NjKMbRUTSetijEFXjk4_b16a06f1-f9cd-4721-b760-292fb1a119d8.gif),,,1,1,1,0,1,1,1,1
Romanian Deadlift,"Barbell,Dumbbells",Weight,Pull,Compound,Legs,Hamstrings,"Upper Back,Mid Back,Traps",https://i.makeagif.com/media/9-29-2015/J4H8p6.gif,,,0,0,1,1,1,1,1,1
Pull Ups,Body Weight,Calisthenics,Pull,Compound,Back,"Lats,Mid Back","Biceps,Rear Delt",https://life-cdn.global.ssl.fastly.net/life/wp-content/uploads/2014/07/Pull-Up.gif,,"Start with Australian pull ups, then raise legs on a platform before transitioning to full form or resistance bands. Weighted Pull Ups for heavy",1,1,1,1,1,1,1,1
Chest Flies,"Cables,Dumbells. Band,TRX/Rings","Weight,Calisthenics",Pull,Isolation,Chest,Pecs,"Biceps,Front Delt",https://www.sparkpeople.com/assets/exercises/Dumbbell-Chest-Flys-on-Ball.gif,,"Cable Variation is done standing, TRX/Rings from a push up position",1,1,1,0,1,1,1,1
Pullovers,"Dumbbells,Cable",Weight,Pull,Compound,"Chest,Back","Pecs,Lats",,https://www.sparkpeople.com/assets/exercises/Dumbbell-Pullovers.gif,,,0,1,1,1,1,1,1,1
Sumo Deadlift,"Barbell,Kettlebell",Weight,Pull,Compound,Legs,Hamstrings,"Upper Back,Mid Back,Traps",http://assets.menshealth.co.uk/main/assets/sumo.gif?mtime=1436974968,,,0,1,1,1,1,1,1,1
Rear Delt Flies,"Plates,Dumbbells,Cables",Weight,Pull,Isolation,Shoulders,Rear Delt,,https://thumbs.gfycat.com/YearlyRaggedAfricanmolesnake-small.gif,,Use Cables for rear delt crossovers,1,1,1,0,1,0,1,1
Face Pulls,Cables,Weight,Pull,Isolation,Shoulders,Rear Delt,,https://musclewiki.org/media/uploads/Facepull-Front-032016.gif,,,1,1,1,0,1,0,1,1
Lunges,"Barbell,Dumbbells,Body Weight","Weight,Calisthenics",Push,Compound,Legs,Quads,"Glutes,Calves",http://womensrunninguk.co.uk/wp-content/uploads/2014/05/weighted-alternating-lunges.gif,,,1,1,1,1,1,1,1,1
Leg Extensions,Machine,Weight,Push,Isolation,Legs,Quads,,https://i.gifer.com/Ki0b.gif,,,1,1,1,0,1,1,1,1
Dish,"Body Weight,Plate",Calisthenics,Hold,Compound,Core,Core,,https://i.ytimg.com/vi/KrXT9Ddtty8/maxresdefault.jpg,,Hold weights in hands/feet to make harder,1,1,1,0,0,1,1,1
Seated Cable Rows,Machine,Weight,Pull,Compound,Back,Mid Back,Biceps,https://thumbs.gfycat.com/LightHotBrontosaurus-size_restricted.gif,,,1,1,1,0,1,1,1,1
Forearm Curls,"Plates,Dumbbells,Barbell",Weight,Pull,Isolation,Arms,Forearms,,https://www.sparkpeople.com/assets/exercises/Dumbbell-Wrist-Curls.gif,,,1,1,1,0,1,1,1,1
Upright Rows,"Barbell,Dumbbells,Cables,Kettlebells",Weight,Pull,Compound,"Back,Shoulders","Mid Delt,Mid Back,Traps",Upper Back,https://i.makeagif.com/media/4-26-2015/Rru0kR.gif,,,0,0,1,1,1,1,1,1
Chin Ups,Body Weight,Calisthenics,Pull,Compound,"Arms,Back","Lats,Biceps",,https://1.bp.blogspot.com/-5-KRJJSC4gg/WRmBi30gCgI/AAAAAAAAAHg/BNQA83Jc_aQnTj1mEqM61Hm5fBWEjo5gwCLcB/s1600/chinup.gif,,Same as pull ups,1,1,1,1,1,1,1,1
Hip Abduction,"Machine,Cables",Weight,Push,Isolation,Legs,Glutes,Outer Thigh,https://onlyhumanco.com/wp-content/uploads/2016/12/cable-abduction.gif,,,0,1,1,0,1,0,1,1
Hip Adduction,Machine,Weight,Push,Isolation,Legs,Inner Thigh,,https://www.sparkpeople.com/assets/exercises/Seated-Hip-Adduction-Machine.gif,,,0,1,1,0,1,0,1,1
Rowing Machine,Machine,Cardio,Cardio,Compound,Cardio,Cardio,Full Body,https://media.giphy.com/media/1figSjF4pYLhS/giphy.gif,,,1,1,1,0,0,1,1,0
Running/Jogging/Sprinting,Body Weight,Cardio,Cardio,Compound,Cardio,Cardio,"Quads,Glutes,Calves",https://media1.tenor.com/images/cd5126eff8572af57bd33219712337f7/tenor.gif?itemid=7780277,,Form is vital (as well as gear) to avoiding lasting damage,1,1,1,0,0,1,1,0
Cycling,Machine,Cardio,Cardio,Compound,Cardio,Cardio,"Quads,Glutes,Calves",,,,1,1,1,0,0,1,1,0